#tipo_plan_elo se for compra avista deixar * somente, parcelado loja *VPS003102*, parcelado emisor *VPS003202* sendo 02 duas ultimas posicoes as parcelas
#os tamanhos dos campos devem ser respeitados, transacao de exemplo: 6099999999999999;000000000001;003000;20B60C2D46A7704E;5411;831;2707;981;986;076;*
#use o gera_pinpad para gerar a senha
#--update retiram validações de CHIP, senha, CVV e CVV2
#
#
cartao;valor;proccod;senha;mcc;entrymod;validade;cvv;moeda;pais;tipo_plan_elo
6099999999999999;000000000500;003000;20B60C2D46A7704E;5411;010;2707;981;986;076;*
6099999999999999;000000000500;003000;20B60C2D46A7704E;5411;070;2707;981;986;076;*VPS003102*

